[
  {
    "id": "abfc7cce-8e24-4252-9c60-cbe9eb00ee6c",
    "data": [
      {
        "text": "ಸಾಲ ",
        "userDefined": false
      },
      {
        "text": "ಹೇಗೆ",
        "meta": "@sys.person",
        "alias": "person",
        "userDefined": false
      },
      {
        "text": " ಹಿಂತೆಗೆದುಕೊಳ್ಳುವುದು?",
        "userDefined": false
      }
    ],
    "isTemplate": false,
    "count": 0,
    "lang": "en",
    "updated": 0
  },
  {
    "id": "20b75659-67a3-4d54-a122-3c05f9526266",
    "data": [
      {
        "text": "How to manage multiple loans?",
        "userDefined": false
      }
    ],
    "isTemplate": false,
    "count": 0,
    "lang": "en",
    "updated": 0
  },
  {
    "id": "be05e42a-d6eb-4256-aea6-dc26fcf8567a",
    "data": [
      {
        "text": "EMI ಹೆಚ್ಚಾಗುತ್ತಿದೆ, ನಾನು ಏನು ಮಾಡಬೇಕು?",
        "userDefined": false
      }
    ],
    "isTemplate": false,
    "count": 0,
    "lang": "en",
    "updated": 0
  },
  {
    "id": "f6f72ac9-2d7d-4cc9-9d90-5cc426d780fb",
    "data": [
      {
        "text": "How can I reduce my loan burden?",
        "userDefined": false
      }
    ],
    "isTemplate": false,
    "count": 0,
    "lang": "en",
    "updated": 0
  }
]