[
  {
    "id": "e2209296-1ddd-4b55-8344-c602a34f27ea",
    "data": [
      {
        "text": "Which insurance covers crops?",
        "userDefined": false
      }
    ],
    "isTemplate": false,
    "count": 0,
    "lang": "en",
    "updated": 0
  },
  {
    "id": "7a860fa0-a689-46df-88c4-d8ea8c53513c",
    "data": [
      {
        "text": "ow can farmers get loans?",
        "userDefined": false
      }
    ],
    "isTemplate": false,
    "count": 0,
    "lang": "en",
    "updated": 0
  },
  {
    "id": "a1b88164-5a22-40a0-88dd-e7e395f44424",
    "data": [
      {
        "text": "ರೈತರಿಗಾಗಿ ಸರ್ಕಾರದಿಂದ ಏನು ಯೋಜನೆ ಇದೆ?",
        "userDefined": false
      }
    ],
    "isTemplate": false,
    "count": 0,
    "lang": "en",
    "updated": 0
  },
  {
    "id": "15e49d35-740b-4e7f-a770-a474236fc0e2",
    "data": [
      {
        "text": "What schemes are there for farmers?",
        "userDefined": false
      }
    ],
    "isTemplate": false,
    "count": 0,
    "lang": "en",
    "updated": 0
  }
]