[
  {
    "id": "4d2a203f-cb52-4545-b156-3537936e398a",
    "data": [
      {
        "text": "ವಿಮೆ ಎಲ್ಲರಿಗೂ ಬೇಕೆ?",
        "userDefined": false
      }
    ],
    "isTemplate": false,
    "count": 0,
    "lang": "en",
    "updated": 0
  },
  {
    "id": "c204f77a-dfd0-4367-8c38-fa0222f37207",
    "data": [
      {
        "text": "Can I insure my scooter?",
        "userDefined": false
      }
    ],
    "isTemplate": false,
    "count": 0,
    "lang": "en",
    "updated": 0
  },
  {
    "id": "05e7460f-2911-49a0-a37b-89ccf734b829",
    "data": [
      {
        "text": "ಸೈಕಲ್ ಅಥವಾ ಮೊಬೈಲ್ ಗೆ ವಿಮೆ ಸಿಗುತ್ತದೆಯೆ?",
        "userDefined": false
      }
    ],
    "isTemplate": false,
    "count": 0,
    "lang": "en",
    "updated": 0
  },
  {
    "id": "a7dcff8f-f909-4445-a58a-59d3e17ea549",
    "data": [
      {
        "text": "What is general insurance?",
        "userDefined": false
      }
    ],
    "isTemplate": false,
    "count": 0,
    "lang": "en",
    "updated": 0
  }
]