[
  {
    "id": "9c066121-d280-47fc-a510-7af8476738aa",
    "data": [
      {
        "text": "LIC ಬಗ್ಗೆ ಮಾಹಿತಿ ಕೊಡಿ.",
        "userDefined": false
      }
    ],
    "isTemplate": false,
    "count": 0,
    "lang": "en",
    "updated": 0
  },
  {
    "id": "7fb46d6b-4435-44a0-b72c-3b8bcac49d1f",
    "data": [
      {
        "text": "ಜೀವನ ವಿಮೆ ಏಕೆ ಬೇಕು?",
        "userDefined": false
      }
    ],
    "isTemplate": false,
    "count": 0,
    "lang": "en",
    "updated": 0
  },
  {
    "id": "7e85f5e2-fed5-4718-89fe-464d733454ea",
    "data": [
      {
        "text": "What is term life insurance?",
        "userDefined": false
      }
    ],
    "isTemplate": false,
    "count": 0,
    "lang": "en",
    "updated": 0
  },
  {
    "id": "a29012ae-7213-4ca6-a60d-98baf0cca435",
    "data": [
      {
        "text": "Is LIC a good option?",
        "userDefined": false
      }
    ],
    "isTemplate": false,
    "count": 0,
    "lang": "en",
    "updated": 0
  }
]