[
  {
    "id": "0a41886f-9563-4f72-8975-37b23de61888",
    "data": [
      {
        "text": "KYC ಏನು?",
        "userDefined": false
      }
    ],
    "isTemplate": false,
    "count": 0,
    "lang": "en",
    "updated": 0
  },
  {
    "id": "639cf515-5e95-43b4-8feb-0cced2e6b0a9",
    "data": [
      {
        "text": "ನಗದು ಇಲ್ಲದೆ ನಾನು ಖಾತೆ ತೆರೆಯಬಹುದಾ?",
        "userDefined": false
      }
    ],
    "isTemplate": false,
    "count": 0,
    "lang": "en",
    "updated": 0
  },
  {
    "id": "cbd366d2-dd43-4ddf-8ee7-b0773559139c",
    "data": [
      {
        "text": "Can I open a zero balance account?",
        "userDefined": false
      }
    ],
    "isTemplate": false,
    "count": 0,
    "lang": "en",
    "updated": 0
  },
  {
    "id": "b3d41f73-0fac-4718-9aaf-82b56c6e0273",
    "data": [
      {
        "text": "How do I open a bank account?",
        "userDefined": false
      }
    ],
    "isTemplate": false,
    "count": 0,
    "lang": "en",
    "updated": 0
  }
]