[
  {
    "id": "0810c0b2-4f09-4b23-bfb3-6714e050a04e",
    "data": [
      {
        "text": "Is UPI safe?",
        "userDefined": false
      }
    ],
    "isTemplate": false,
    "count": 0,
    "lang": "en",
    "updated": 0
  },
  {
    "id": "8729c8d9-71c3-4634-9d63-216778d9df45",
    "data": [
      {
        "text": "OTP ಏಕೆ ಬೇಕು?",
        "userDefined": false
      }
    ],
    "isTemplate": false,
    "count": 0,
    "lang": "en",
    "updated": 0
  },
  {
    "id": "bcdd75f4-f634-4f91-815f-38d56d2d7413",
    "data": [
      {
        "text": "ಹಣ ಕಳವೇ ಆಗದಂತೆ ನಾನು ಏನು ಮಾಡಬೇಕು?",
        "userDefined": false
      }
    ],
    "isTemplate": false,
    "count": 0,
    "lang": "en",
    "updated": 0
  },
  {
    "id": "8f997432-30c0-449f-ae1a-666ddd64e725",
    "data": [
      {
        "text": "How can I avoid online banking fraud?",
        "userDefined": false
      }
    ],
    "isTemplate": false,
    "count": 0,
    "lang": "en",
    "updated": 0
  }
]