[
  {
    "id": "d0c4be99-f4b6-4f8f-abc9-1b915b662d8b",
    "data": [
      {
        "text": "ಬ್ಯಾಂಕ್ ಖಾತೆ ತ್ಯಾಜ್ಯವಲ್ಲವೇ",
        "userDefined": false
      }
    ],
    "isTemplate": false,
    "count": 0,
    "lang": "en",
    "updated": 0
  },
  {
    "id": "835b74b2-32b5-4c9a-96ba-82bb3813b51e",
    "data": [
      {
        "text": "ನಾನು 60 ವರ್ಷ ವಯಸ್ಸಿನವನು, ನಾನು ಖಾತೆ ತೆಗೆಯಬಹುದಾ?",
        "userDefined": false
      }
    ],
    "isTemplate": false,
    "count": 0,
    "lang": "en",
    "updated": 0
  },
  {
    "id": "050d2c65-974e-49fa-9045-e9eba1f4e082",
    "data": [
      {
        "text": "s it safe for elders to keep money in banks?",
        "userDefined": false
      }
    ],
    "isTemplate": false,
    "count": 0,
    "lang": "en",
    "updated": 0
  },
  {
    "id": "b75bbc65-ecdb-4a48-b87e-992150f209e0",
    "data": [
      {
        "text": "Can I still open a savings account at ",
        "userDefined": false
      },
      {
        "text": "60",
        "meta": "@sys.number",
        "alias": "number",
        "userDefined": false
      },
      {
        "text": "?",
        "userDefined": false
      }
    ],
    "isTemplate": false,
    "count": 0,
    "lang": "en",
    "updated": 0
  }
]