[
  {
    "id": "69aa6a97-6b1e-4873-a3f4-fb62c19a5938",
    "data": [
      {
        "text": "ಈಗ ಉಳಿತಾಯ ಪ್ರಾರಂಭಿಸಲು ತಡವಾಯಿತೇ?",
        "userDefined": false
      }
    ],
    "isTemplate": false,
    "count": 0,
    "lang": "en",
    "updated": 0
  },
  {
    "id": "fe97fb66-5b50-40a1-96ed-293c5d83e44d",
    "data": [
      {
        "text": "ನಾನು 40ರ ವಯಸ್ಸಿನಲ್ಲಿ ಹೇಗೆ ಉಳಿತಾಯ ಪ್ರಾರಂಭಿಸಬಹುದು?",
        "userDefined": false
      }
    ],
    "isTemplate": false,
    "count": 0,
    "lang": "en",
    "updated": 0
  },
  {
    "id": "95a222f3-f949-4c0f-a18c-a43b83fc36c7",
    "data": [
      {
        "text": "What are saving strategies for ",
        "userDefined": false
      },
      {
        "text": "40s",
        "meta": "@sys.date-period",
        "alias": "date-period",
        "userDefined": false
      },
      {
        "text": "?",
        "userDefined": false
      }
    ],
    "isTemplate": false,
    "count": 0,
    "lang": "en",
    "updated": 0
  },
  {
    "id": "507f4825-fa68-42e4-b1aa-ded0bdb75d56",
    "data": [
      {
        "text": "Is ",
        "userDefined": false
      },
      {
        "text": "40",
        "meta": "@sys.number",
        "alias": "number",
        "userDefined": false
      },
      {
        "text": " too late to save?",
        "userDefined": false
      }
    ],
    "isTemplate": false,
    "count": 0,
    "lang": "en",
    "updated": 0
  }
]