[
  {
    "id": "65202790-ebd9-489c-86a1-b97c402e14d2",
    "data": [
      {
        "text": "ಹಚ್ಚಳಿಕೆ ",
        "userDefined": false
      },
      {
        "text": "ಹೇಗೆ",
        "meta": "@sys.person",
        "alias": "person",
        "userDefined": false
      },
      {
        "text": " ಮಾಡುವುದು?",
        "userDefined": false
      }
    ],
    "isTemplate": false,
    "count": 0,
    "lang": "en",
    "updated": 0
  },
  {
    "id": "5ead59ef-a8ac-4b27-a186-cd81790abfff",
    "data": [
      {
        "text": "ನಾನು ಪ್ರತಿ ದಿನ ಹಣ ಉಳಿಸಬಹುದೆ?",
        "userDefined": false
      }
    ],
    "isTemplate": false,
    "count": 0,
    "lang": "en",
    "updated": 0
  },
  {
    "id": "ddae7f6f-aa5b-4303-bdd5-43a72b794bee",
    "data": [
      {
        "text": "What are ",
        "userDefined": false
      },
      {
        "text": "5",
        "meta": "@sys.number",
        "alias": "number",
        "userDefined": false
      },
      {
        "text": " ways to save daily?",
        "userDefined": false
      }
    ],
    "isTemplate": false,
    "count": 0,
    "lang": "en",
    "updated": 0
  },
  {
    "id": "d7a579e7-5dc1-4969-8bed-8f66160d82b1",
    "data": [
      {
        "text": "How can I save money at home?",
        "userDefined": false
      }
    ],
    "isTemplate": false,
    "count": 0,
    "lang": "en",
    "updated": 0
  }
]