[
  {
    "id": "0f12f24b-df10-4e71-8417-9fcb9455a789",
    "data": [
      {
        "text": "Is there a savings plan for students?",
        "userDefined": false
      }
    ],
    "isTemplate": false,
    "count": 0,
    "lang": "en",
    "updated": 0
  },
  {
    "id": "35be218e-7337-4e39-99d6-c29b796e361e",
    "data": [
      {
        "text": "I want to start saving as a student.",
        "userDefined": false
      }
    ],
    "isTemplate": false,
    "count": 0,
    "lang": "en",
    "updated": 0
  },
  {
    "id": "afb5ea87-a73c-4340-b756-77524ca9d3ab",
    "data": [
      {
        "text": "ವಿದ್ಯಾರ್ಥಿಗಳಿಗೆ ಯಾವ ಯೋಜನೆಗಳು ಲಭ್ಯವಿದೆ?",
        "userDefined": false
      }
    ],
    "isTemplate": false,
    "count": 0,
    "lang": "en",
    "updated": 0
  },
  {
    "id": "611370e7-850a-40e4-ba4c-bbb75cc4c4d9",
    "data": [
      {
        "text": "How can students save money?",
        "userDefined": false
      }
    ],
    "isTemplate": false,
    "count": 0,
    "lang": "en",
    "updated": 0
  }
]