[
  {
    "id": "868cbd9d-34f4-4371-b60e-28004d2db67a",
    "data": [
      {
        "text": "Women investment plans in ",
        "userDefined": false
      },
      {
        "text": "India",
        "meta": "@sys.geo-country",
        "alias": "geo-country",
        "userDefined": false
      },
      {
        "text": "?",
        "userDefined": false
      }
    ],
    "isTemplate": false,
    "count": 0,
    "lang": "en",
    "updated": 0
  },
  {
    "id": "b68c48ed-2e90-4cea-9daf-54d321a373b6",
    "data": [
      {
        "text": "Can women get loans easily?",
        "userDefined": false
      }
    ],
    "isTemplate": false,
    "count": 0,
    "lang": "en",
    "updated": 0
  },
  {
    "id": "9e283635-6a15-4c79-a95c-64b8a846f801",
    "data": [
      {
        "text": "ಮಹಿಳೆಯರು ಯಾವ ಯೋಜನೆಗಳನ್ನು ಬಳಸಬಹುದು?",
        "userDefined": false
      }
    ],
    "isTemplate": false,
    "count": 0,
    "lang": "en",
    "updated": 0
  },
  {
    "id": "4f79b55f-a552-439a-8090-3d23d66f4aa0",
    "data": [
      {
        "text": "What are good savings schemes for women?",
        "userDefined": false
      }
    ],
    "isTemplate": false,
    "count": 0,
    "lang": "en",
    "updated": 0
  }
]