[
  {
    "id": "73730c07-450c-48e5-8918-cbc91bda2dbf",
    "data": [
      {
        "text": "What is a safe investment for my salary?",
        "userDefined": false
      }
    ],
    "isTemplate": false,
    "count": 0,
    "lang": "en",
    "updated": 0
  },
  {
    "id": "fddb9f87-da60-4031-8742-bc0a34fa9a07",
    "data": [
      {
        "text": "Is SIP good for women?",
        "userDefined": false
      }
    ],
    "isTemplate": false,
    "count": 0,
    "lang": "en",
    "updated": 0
  },
  {
    "id": "cd724f2d-04fa-4950-b212-fd6ee5375861",
    "data": [
      {
        "text": "ಮಹಿಳೆಯರು ಎಲ್ಲಿ ಹೂಡಿಕೆ ಮಾಡಬೇಕು?",
        "userDefined": false
      }
    ],
    "isTemplate": false,
    "count": 0,
    "lang": "en",
    "updated": 0
  },
  {
    "id": "d1f660be-209b-4d41-9f29-44ae0caf3490",
    "data": [
      {
        "text": "Which is better: FD or RD?",
        "userDefined": false
      }
    ],
    "isTemplate": false,
    "count": 0,
    "lang": "en",
    "updated": 0
  }
]