[
  {
    "id": "cb9feeba-f52d-4288-a93d-cb951884f9db",
    "data": [
      {
        "text": "ನಾನು ಕಡಿಮೆ ಆದಾಯದಿಂದ ಬಜೆಟ್ ಮಾಡಬಹುದೇ?",
        "userDefined": false
      }
    ],
    "isTemplate": false,
    "count": 0,
    "lang": "en",
    "updated": 0
  },
  {
    "id": "b51d59be-3e6e-421e-8074-082dc9ec7ca7",
    "data": [
      {
        "text": "ಬಜೆಟ್ ಏನು? ಅದನ್ನು ಹೇಗೆ ರೂಪಿಸಬೇಕು?",
        "userDefined": false
      }
    ],
    "isTemplate": false,
    "count": 0,
    "lang": "en",
    "updated": 0
  },
  {
    "id": "9fc1c427-d18d-464e-942e-d4ecd80229cc",
    "data": [
      {
        "text": "How do I plan my monthly spending?",
        "userDefined": false
      }
    ],
    "isTemplate": false,
    "count": 0,
    "lang": "en",
    "updated": 0
  },
  {
    "id": "024d671d-7932-4cef-9e15-6ad62d7b9d86",
    "data": [
      {
        "text": "What is a budget?",
        "userDefined": false
      }
    ],
    "isTemplate": false,
    "count": 0,
    "lang": "en",
    "updated": 0
  }
]