[
  {
    "id": "02c1c965-6b4e-4ee1-aaf0-d03fc9159582",
    "data": [
      {
        "text": "Ayushman Bharat ಎಂದರೇನು?",
        "userDefined": false
      }
    ],
    "isTemplate": false,
    "count": 0,
    "lang": "en",
    "updated": 0
  },
  {
    "id": "f5595673-707f-494f-8031-3c08b7c0351a",
    "data": [
      {
        "text": "Government health insurance ಏನು?",
        "userDefined": false
      }
    ],
    "isTemplate": false,
    "count": 0,
    "lang": "en",
    "updated": 0
  },
  {
    "id": "c7549cf9-5ef6-476d-b23f-02c19f8c292e",
    "data": [
      {
        "text": "ಹೇಗೆ",
        "meta": "@sys.person",
        "alias": "person",
        "userDefined": false
      },
      {
        "text": " ಆರೋಗ್ಯ ವಿಮೆ ಪಡೆಯುವುದು?",
        "userDefined": false
      }
    ],
    "isTemplate": false,
    "count": 0,
    "lang": "en",
    "updated": 0
  },
  {
    "id": "3edd9e18-700e-4c7d-af28-f330085cb36c",
    "data": [
      {
        "text": "What is health insurance?",
        "userDefined": false
      }
    ],
    "isTemplate": false,
    "count": 0,
    "lang": "en",
    "updated": 0
  }
]