[
  {
    "id": "2e8fe5ff-47ad-4cae-8346-7793def6e8f7",
    "data": [
      {
        "text": "h",
        "userDefined": false
      }
    ],
    "isTemplate": false,
    "count": 0,
    "lang": "en",
    "updated": 0
  },
  {
    "id": "509fa931-5ef7-4201-a003-f2e4815b3910",
    "data": [
      {
        "text": "ನಾನು ಈಗಲೇ ಉಳಿತಾಯ ಪ್ರಾರಂಭಿಸಬೇಕೆ?",
        "userDefined": false
      }
    ],
    "isTemplate": false,
    "count": 0,
    "lang": "en",
    "updated": 0
  },
  {
    "id": "3609299f-af49-455e-ba3a-053865d15a14",
    "data": [
      {
        "text": "ನಾನು ",
        "userDefined": false
      },
      {
        "text": "20ರ",
        "meta": "@sys.number",
        "alias": "number",
        "userDefined": false
      },
      {
        "text": " ಹರೆಯದಲ್ಲಿದ್ದೇನೆ, ಉಳಿತಾಯ ಏಕೆ ಮುಖ್ಯ?",
        "userDefined": false
      }
    ],
    "isTemplate": false,
    "count": 0,
    "lang": "en",
    "updated": 0
  },
  {
    "id": "b33d1d2a-1233-48af-badb-a0df50f73e8b",
    "data": [
      {
        "text": "Is it important to save when I\u0027m young?",
        "userDefined": false
      }
    ],
    "isTemplate": false,
    "count": 0,
    "lang": "en",
    "updated": 0
  },
  {
    "id": "4461acd1-ed06-4b9a-b296-51cc99885d36",
    "data": [
      {
        "text": "Why should I start saving in my ",
        "userDefined": false
      },
      {
        "text": "20",
        "meta": "@sys.number",
        "alias": "number",
        "userDefined": false
      },
      {
        "text": "s?",
        "userDefined": false
      }
    ],
    "isTemplate": false,
    "count": 0,
    "lang": "en",
    "updated": 0
  }
]