[
  {
    "id": "25a021e8-264d-46c0-a344-a39bd521a338",
    "data": [
      {
        "text": "students can save using recurring deposit accounts and government schemes like Sukanya Samriddhi Yojana (for girl children). ವಿದ್ಯಾರ್ಥಿಗಳು ಪುನರಾವೃತ್ತ ಠೇವಣಿ ಖಾತೆ ಮತ್ತು ಸುಕನ್ಯ ಸಮೃದ್ಧಿ ಯೋಜನೆ ಮೂಲಕ ಉಳಿತಾಯ ಮಾಡಬಹುದು.",
        "userDefined": false
      }
    ],
    "isTemplate": false,
    "count": 0,
    "lang": "en",
    "updated": 0
  }
]